{
  "name": "smarttarget",
  "title": "Smart Target",
  "description": "Enhancements for the targeting feature",
  "version": "0.2.0",
  "authors": [
    {
      "name": "theripper93",
      "email": "tsplab@gmail.com",
      "url": "https://www.patreon.com/theripper93"
    }
  ],
  "scripts": [
    "./scripts/main.js", 
    "./scripts/smartTarget.js", 
    "./scripts/helpers.js"
  ],
  "minimumCoreVersion": "0.8.4",
  "compatibleCoreVersion": "0.8.5",
  "url": "https://github.com/theripper93/Smart-Target",
  "manifest": "https://raw.githubusercontent.com/theripper93/Smart-Target/main/smarttarget/module.json",
  "download": "https://github.com/theripper93/Smart-Target/raw/main/smarttarget.zip",
  "dependencies": [
    {
        "name": "lib-wrapper"
    }
  ]
}