{
    "name": "smarttarget",
    "title": "Smart Target",
    "description": "Enhancements for the targeting feature",
    "version": "0.5.0",
    "authors": [
        {
            "name": "p4535992",
            "email": "tsplab@gmail.com",
            "url": "https://www.patreon.com/p4535992"
        }
    ],
    "languages": [
		{
			"lang": "en",
			"name": "English",
			"path": "lang/en.json"
		}
	],
    "scripts": [
        "./scripts/main.js",
        "./scripts/smartTarget.js",
        "./scripts/helpers.js"
    ],
    "minimumCoreVersion": "0.8.5",
    "compatibleCoreVersion": "0.8.6",
    "url": "https://github.com/p4535992/Smart-Target",
    "manifest": "https://raw.githubusercontent.com/p4535992/Smart-Target/main/module.json",
    "download": "https://raw.githubusercontent.com/p4535992/Smart-Target/main/package/smarttarget.zip",
    "license": "",
	"readme": "https://raw.githubusercontent.com/p4535992/Smart-Target/main/README.md",
	"changelog": "https://raw.githubusercontent.com/p4535992/Smart-Target/master/changelog.md",
  	"bugs": "https://github.com/p4535992/Smart-Target/issues",
  	"allowBugReporter": true,
    "dependencies": [
        {
          "name": "lib-wrapper"
        }
    ]
}
